<wpml-config>
	<custom-types>
		<custom-type translate="1">project</custom-type>
	</custom-types>
	<admin-texts>	
		<key name="theme_mods_mharty">
			<key name="mharty_logo" />
			<key name="mharty_logo_sticky" />
			<key name="header_bg_img" />
			<key name="app_logo" />
			<key name="footer_bg_img" />
			<key name="mharty_og_logo" />
			<key name="full_search_text" />
			<key name="header_phrase" />
			<key name="phone_number" />
			<key name="header_email" />
			<key name="app_tagline_alt" />
			<key name="app_phone_number" />
			<key name="app_email" />
			<key name="promo_bar_text" />
			<key name="promo_bar_button_text" />
			<key name="promo_bar_button_url" />
			<key name="cr_notice" />
			<key name="heading_font" />
			<key name="body_font" />
            <key name="onsale_text" />
            <key name="mharty_checkout_image" />
            <key name="mharty_checkout_note" />
            <key name="top_cta_text" />
            <key name="top_cta_text_2" />
		</key>
		<key name="mh_mharty">
			<key name="mharty_date_format" />
			<key name="mharty_header_date_format" />
			<key name="mharty_postinfo_sep" />
			<key name="mharty_postinfo_pre" />
			<key name="mharty_readmore_text" />
			<key name="mharty_related_posts_title" />
			<key name="mharty_project_tag_title" />
			<key name="mharty_related_projects_title" />
            <key name="mharty_quick_contact_button_text" />
			<key name="mharty_quick_contact_title" />
			<key name="mharty_quick_contact_blurb" />
			<key name="mharty_quick_contact_message" />
			<key name="mharty_quick_contact_redirect_url" />
			<key name="mharty_seo_home_titletext" />
			<key name="mharty_seo_home_descriptiontext" />
			<key name="mharty_seo_home_keywordstext" />
			<key name="mharty_share_twitter_t" />
			<key name="mharty_share_facebook_t" />			
			<key name="mharty_468_image" />
			<key name="mharty_468_url" />			
		</key>
	</admin-texts>
</wpml-config>